{"cameraMode":{"drawMode":0,"name":"Shaded","section":"Shading Mode"},"sceneLighting":false,"audioPlay":false,"sceneViewState":{"m_AlwaysRefresh":false,"showFog":true,"showSkybox":false,"showFlares":true,"showImageEffects":true,"showParticleSystems":true,"showVisualEffectGraphs":true,"m_FxEnabled":true},"in2DMode":false,"pivot":{"x":-6.171091079711914,"y":4.749571800231934,"z":0.030710697174072267},"rotation":{"x":0.02068842016160488,"y":0.0020961302798241379,"z":0.00004521678056335077,"w":-0.9997899532318115},"size":0.37147125601768496,"orthographic":false}