{"cameraMode":{"drawMode":0,"name":"Shaded","section":"Shading Mode"},"sceneLighting":false,"audioPlay":false,"sceneViewState":{"m_AlwaysRefresh":false,"showFog":true,"showSkybox":false,"showFlares":true,"showImageEffects":true,"showParticleSystems":true,"showVisualEffectGraphs":true,"m_FxEnabled":true},"in2DMode":false,"pivot":{"x":-11.101375579833985,"y":2.554354429244995,"z":0.23410797119140626},"rotation":{"x":-0.1697012037038803,"y":-0.09386647492647171,"z":0.016234876587986947,"w":-0.9808933138847351},"size":1.304128885269165,"orthographic":false}